[
   {
      "title":"Tamil & English Keyboard",
      "description":"Tamil & English Keyboard is an Android app. Primary keypad is Tamil and english keypad as a secondary option in the same keyboard.",
      "env":"Android Studio, Java, GIT, Windows 10",
      "image":"assets/img/tamil-keypad.jpg",
      "link":"https://play.google.com/store/apps/details?id=com.wassysems.tamilkeyboard&hl=en",
      "isAndroidApp":true,
      "period":"Apr 2017"
   },
   {
      "title":"Single Page TableGrid",
      "description":"Single page table grid with backend data. All are configrable such as edit, delete, view only, report, search, shuffle and refesh. And dynamic validation for email, username, number and etc.",
      "env":"JavaScript, AJAX, HTML, CSS, jQuery, PHP, MYSQL",
      "image":"assets/img/table-grid.jpg",
      "link":"http://dev.wassystems.com/tablegrid/",
      "isAndroidApp":false,
      "period":"Dec 2007"
   }
]
